{
    "accuracy": 0.5217391304347826,
    "roc_auc": 0.4962121212121212,
    "feature_importance": {
        "abundance_percentile_69": 0.17117987194153494,
        "class_Verrucomicrobia_cv": 0.15765668015747392,
        "order_Verrucomicrobiae_cv": 0.15765668015747392,
        "family_Verrucomicrobiales_cv": 0.15765668015747392,
        "genus_Akkermansiaceae_cv": 0.15765668015747392,
        "species_Akkermansia_cv": 0.15765668015747392,
        "abundance_0": 0.14253665525484038,
        "abundance_robust_zscore_0": 0.14253665525484038,
        "species_Levyella_median": 0.13523106832968823,
        "class_Firmicutes_cv": 0.13201399554739757,
        "abundance_69": 0.13178958227950655,
        "abundance_robust_zscore_69": 0.13178958227950655,
        "abundance_robust_zscore_26": 0.12971134650561855,
        "abundance_percentile_103": 0.12851064503317766,
        "genus_Streptococcaceae_std": 0.12701823647555144,
        "commonness_kingdom_0.05": 0.12490968681265424,
        "abundance_26": 0.12170151213708857,
        "abundance_percentile_28": 0.12003379579545936,
        "abundance_percentile_104": 0.11986367606012172,
        "abundance_164": 0.11977522284666886
    },
    "model_accuracies": {
        "rf1": 0.5217391304347826,
        "rf2": 0.5217391304347826,
        "xgb": 0.4782608695652174,
        "lgb": 0.4782608695652174
    },
    "model_weights": {
        "rf1": 0.2871109860020997,
        "rf2": 0.2863517773514519,
        "xgb": 0.22868790959884902,
        "lgb": 0.19784932704759925
    },
    "cv_scores": {
        "rf1": [
            0.8947368421052632,
            0.8421052631578947,
            0.7777777777777778,
            0.8333333333333334,
            0.8888888888888888
        ],
        "rf2": [
            0.8947368421052632,
            0.7894736842105263,
            0.8333333333333334,
            0.8333333333333334,
            0.8333333333333334
        ],
        "xgb": [
            0.5789473684210527,
            0.5263157894736842,
            0.7777777777777778,
            0.5555555555555556,
            0.6666666666666666
        ],
        "lgb": [
            0.631578947368421,
            0.5789473684210527,
            0.7222222222222222,
            0.7777777777777778,
            0.6111111111111112
        ]
    }
}