{
    "accuracy": 0.4782608695652174,
    "roc_auc": 0.4545454545454546,
    "individual_model_accuracies": {
        "rf1": 0.4782608695652174,
        "rf2": 0.391304347826087,
        "xgb": 0.43478260869565216,
        "lgb": 0.391304347826087
    },
    "classification_report": {
        "0": {
            "precision": 0.5,
            "recall": 0.3333333333333333,
            "f1-score": 0.4,
            "support": 12.0
        },
        "1": {
            "precision": 0.4666666666666667,
            "recall": 0.6363636363636364,
            "f1-score": 0.5384615384615384,
            "support": 11.0
        },
        "accuracy": 0.4782608695652174,
        "macro avg": {
            "precision": 0.48333333333333334,
            "recall": 0.48484848484848486,
            "f1-score": 0.46923076923076923,
            "support": 23.0
        },
        "weighted avg": {
            "precision": 0.4840579710144927,
            "recall": 0.4782608695652174,
            "f1-score": 0.46622073578595324,
            "support": 23.0
        }
    }
}