,shannon_diversity,species_richness,evenness
count,8070.0,8070.0,8070.0
mean,0.010697505227054595,78.08550185873607,0.0024528824271277095
std,0.07134333498991571,8.949168662193637,0.016089161015080688
min,0.0016931753074851,63.0,0.0003843032753064
25%,0.0022515988270691,70.0,0.0005177789435981
50%,0.0032824670666608997,78.0,0.0007535534165071
75%,0.0062058653033522995,86.0,0.00142551125541325
max,3.9935630347880986,93.0,0.8897051812255434
